{
  "Id": "CustomiseOxygen",
  "DisplayName": "Customise Your Oxygen",
  "Author": "DaWrecka",
  "Version": "1.1.0.0",
  "Dependencies": [
    "SMLHelper"
  ],
  "Game": "Subnautica",
  "AssemblyName": "CustomiseOxygen.dll",
  "VersionDependencies": {
    "SMLHelper": "2.9.6"
  },
  "VersionChecker": {
    "LatestVersionURL": "https://raw.githubusercontent.com/DaWrecka/DaWreckasSubnauticaStuff/master/CustomiseOxygen/mod_Subnautica.json"
  },
  "NexusId": {},
  "Enable": true
}
