{
  "Id": "PartsFromScanningBZ",
  "DisplayName": "Parts From Scanning BZ",
  "Author": "DaWrecka w/ MrPurple6411",
  "Version": "1.0.0.1",
  "Dependencies": [
    "SMLHelper"
  ],
  "Game": "BelowZero",
  "AssemblyName": "PartsFromScanning_BZ.dll",
  "VersionDependencies": {
    "SMLHelper": "2.9.6"
  },
  "VersionChecker": {
    "LatestVersionURL": "https://raw.githubusercontent.com/DaWrecka/DaWreckasSubnauticaStuff/master/IngredientsFromScanning/mod_BelowZero.json"
  },
  "NexusId": {},
  "Enable": true
}
