{
  "Author": "DaWrecka",
  "DisplayName": "Console Batch Commands",
  "VersionDependencies": {
    "SMLHelper": "2.9.6"
  },
  "Id": "ConsoleBatchFiles",
  "AssemblyName": "ConsoleBatchFiles.dll",
  "Version": "1.1.0.5",
  "Enable": true,
  "NexusId": {},
  "Game": "BelowZero",
  "VersionChecker": {
    "LatestVersionUrl": "https://raw.githubusercontent.com/DaWrecka/DaWreckasSubnauticaStuff/master/ConsoleBatchFiles/mod_BelowZero.json"
  },
  "Dependencies": [
    "SMLHelper"
  ]
}
