{
  "Id": "PowerOverYourPower",
  "DisplayName": "PowerOverYourPower",
  "Author": "DaWrecka",
  "Version": "1.0.0.0",
  "LoadAfter": [
    "SMLHelper"
  ],
  "VersionDependencies": {
    "SMLHelper": "2.9.6",
    "CustomBatteries": "1.1"
  },
  "Game": "BelowZero",
  "NexusId": {},
  "AssemblyName": "PowerOverYourPower.dll",
  "VersionChecker": {
    "LatestVersionURL": "https://raw.githubusercontent.com/DaWrecka/DaWreckasSubnauticaStuff/master/PowerOverYourPower/mod_BelowZero.json"
  },
  "Enable": true
}
