[
  {
    "Category": "",
    "Types": [
      3021
    ]
  },
  {
    "Category": "",
    "Types": [
      34
    ]
  },
  {
    "Category": "",
    "Types": [
      59
    ]
  },
  {
    "Category": "",
    "Types": [
      3063
    ]
  },
  {
    "Category": "",
    "Types": [
      504
    ]
  },
  {
    "Category": "",
    "Types": [
      61
    ]
  },
  {
    "Category": "",
    "Types": [
      27
    ]
  },
  {
    "Category": "",
    "Types": [
      3034
    ]
  },
  {
    "Category": "",
    "Types": [
      35
    ]
  },
  {
    "Category": "",
    "Types": [
      44
    ]
  },
  {
    "Category": "",
    "Types": [
      7
    ]
  },
  {
    "Category": "",
    "Types": [
      32
    ]
  },
  {
    "Category": "",
    "Types": [
      3502
    ]
  },
  {
    "Category": "",
    "Types": [
      23
    ]
  },
  {
    "Category": "",
    "Types": [
      3035
    ]
  },
  {
    "Category": "",
    "Types": [
      65
    ]
  },
  {
    "Category": "",
    "Types": [
      36
    ]
  },
  {
    "Category": "",
    "Types": [
      42
    ]
  },
  {
    "Category": "",
    "Types": [
      3
    ]
  },
  {
    "Category": "",
    "Types": [
      4514
    ]
  },
  {
    "Category": "",
    "Types": [
      2530
    ]
  },
  {
    "Category": "",
    "Types": [
      3010
    ]
  },
  {
    "Category": "",
    "Types": [
      15
    ]
  },
  {
    "Category": "",
    "Types": [
      21
    ]
  },
  {
    "Category": "",
    "Types": [
      1547
    ]
  },
  {
    "Category": "",
    "Types": [
      53
    ]
  },
  {
    "Category": "",
    "Types": [
      4210
    ]
  },
  {
    "Category": "",
    "Types": [
      66
    ]
  },
  {
    "Category": "",
    "Types": [
      4209
    ]
  },
  {
    "Category": "",
    "Types": [
      68
    ]
  },
  {
    "Category": "",
    "Types": [
      8
    ]
  },
  {
    "Category": "",
    "Types": [
      40
    ]
  },
  {
    "Category": "",
    "Types": [
      62
    ]
  },
  {
    "Category": "",
    "Types": [
      54
    ]
  },
  {
    "Category": "",
    "Types": [
      2
    ]
  },
  {
    "Category": "",
    "Types": [
      69
    ]
  },
  {
    "Category": "",
    "Types": [
      41
    ]
  },
  {
    "Category": "",
    "Types": [
      56
    ]
  },
  {
    "Category": "",
    "Types": [
      43
    ]
  },
  {
    "Category": "",
    "Types": [
      1
    ]
  },
  {
    "Category": "",
    "Types": [
      64
    ]
  },
  {
    "Category": "",
    "Types": [
      52
    ]
  },
  {
    "Category": "",
    "Types": [
      9
    ]
  },
  {
    "Category": "",
    "Types": [
      17
    ]
  },
  {
    "Category": "",
    "Types": [
      28
    ]
  },
  {
    "Category": "",
    "Types": [
      3504
    ]
  },
  {
    "Category": "",
    "Types": [
      57
    ]
  },
  {
    "Category": "",
    "Types": [
      3501
    ]
  },
  {
    "Category": "",
    "Types": [
      16
    ]
  },
  {
    "Category": "",
    "Types": [
      30
    ]
  },
  {
    "Category": "",
    "Types": [
      63
    ]
  },
  {
    "Category": "",
    "Types": [
      33
    ]
  },

  {
    "Category": "Food",
    "Types": [
      4506,
      4509,
      4510,
      4504,
      4503,
      4512,
      4507,
      4519,
      4518,
      4511,
      4502,
      4505,
      4508,
      4517,
      4604,
      4607,
      4608,
      4602,
      4601,
      4610,
      4605,
      4613,
      4612,
      4609,
      4600,
      4603,
      4606,
      4611,
      4513,
      4520,
      4521,
      4522,
      3506,
      3513,
      3516,
      3514
    ]
  },
  {
    "Category": "Water",
    "Types": [
      4516,
      4523,
      4501,
      4500,
      4515
    ]
  },
  {
    "Category": "Flora",
    "Types": [
	  3079,
	  3010,
	  3107,
	  3121,
      3509,
      3520,
      3506,
      2529,
      2503,
      3531,
      3529,
      3525,
      3513,
      3524,
      3503,
      3516,
      3517,
      3527,
      3507,
      3530,
      3528,
      3511,
      3518,
      3540,
      3521,
      3512,
      3533,
      3523,
      3508,
      3514,
      3534,
      3535,
      3536,
      3532,
      3539,
      3526,
      3537,
      3522,
      3515,
      3541,
      3519,
      3538,
      3510,
	  3550,
	  8005
    ]
  },
  {
    "Category": "Metals",
    "Types": [
      7,
      21,
      8,
      40,
      54,
      2,
      69,
      28,
      16
    ]
  },
  {
    "Category": "Electronics",
    "Types": [
      34,
      44,
      32,
      65,
      64,
      33
    ]
  },
  {
    "Category": "Batteries",
    "Types": [
      504,
      43,
      4210,
      4209
    ]
  },
  {
    "Category": "Natural Materials",
    "Types": [
      2530,
      3502,
      3035,
      3021,
      3501,
      3034,
      35,
      9,
      3063,
      3504,
      3010
    ]
  },
  {
    "Category": "Synthetic Materials",
    "Types": [
      59,
      57,
      61,
      27,
      42,
      3,
      15,
      1547,
      53,
      62,
      56,
      66,
      17,
      30,
      41
    ]
  },
  {
    "Category": "Crystal Materials",
    "Types": [
      52,
      36,
      68,
      1,
      23,
      63
    ]
  },
  {
    "Category": "Fauna",
    "Types": [
      2515,
      2510,
      2554,
      2513,
      2555,
      2507,
      2501,
      2531,
      2546,
      2516,
      2505,
      2504,
      2519,
      2520,
      2522,
      2534,
      2550,
      2539,
      2509,
      2523,
      2517,
      2502,
      2551,
      2535,
      2506,
      2518,
      2524,
      2545,
      2512,
      2538
    ]
  },
  {
    "Category": "Eggs",
    "Types": [
      1266,
      1267,
      1283,
      1281,
      1285,
      1269,
      1265,
      1263,
      1287,
      1262,
      1261,
      1259,
      1264,
      1268,
      1260,
      1258,
      1253,
      1252,
      1251,
      1255,
      1257,
      1254,
      1250,
      1256,
      1270,
      1271,
      1272,
      1273,
      1274,
      1275,
      1276,
      1277,
      1278,
      1279,
      1280,
      1281,
      1282,
      1283,
      1284,
      1285,
      1286,
      1287,
      1288,
      1289,
      1290
    ]
  },
  {
    "Category": "Tools",
    "Types": [
      513,
      508,
      509,
      527,
      800,
      517,
      528,
      524,
      754,
      507,
      758,
      801,
      505,
      761,
      762,
      515,
      526,
      757,
      807,
      523,
      751,
      759,
      755,
      750,
      1807,
	  8030
    ]
  },
  {
    "Category": "Equipment",
    "Types": [
      525,
      518,
      512,
      502,
      804,
      803,
      521,
      520,
      519,
      522,
      529,
      808,
      806,
      503,
      805
    ]
  },
  {
    "Category": "Mysterious Tablets",
    "Types": [
      4201,
      4202,
      4204
    ]
  },
  {
    "Category": "Scanner Room Upgrades",
    "Types": [
      2250,
      2251,
      5527
    ]
  },
  {
    "Category": "General Upgrades",
    "Types": [
      1501,
      1516,
      2105,
      2101,
      2103
    ]
  },
  {
    "Category": "Seamoth Upgrades",
    "Types": [
      2104,
      2100,
      2102,
      2110,
      2112,
      2113,
      2114,
      2109
    ]
  },
  {
    "Category": "PrawnSuit Upgrades",
    "Types": [
      2128,
      2129,
      2116,
      2121,
      2115,
      2120,
      2117,
      2122
    ]
  },
  {
    "Category": "Cyclops Upgrades",
    "Types": [
      1554,
      1555,
      1537,
      1538,
      1558,
      1553,
      1551,
      1552,
      1557
    ]
  },
  {
    "Category": "Torpedoes",
    "Types": [
      2119,
      2111
    ]
  },
  {
    "Category": "Alterra Stuff",
    "Types": [
      1816,
      1817,
      1818,
      1808,
      1814,
      1815,
      1809,
      1810,
      1811,
      1143,
      1823,
      6005,
      1824,
      1825,
      1826,
      1827
    ]
  }
]