{
  "Id": "CustomiseYourStorage",
  "DisplayName": "Customise Your Storage",
  "Author": "DaWrecka",
  "Version": "1.0.0.2",
  "Dependencies": [
    "SMLHelper"
  ],
  "Game": "BelowZero",
  "AssemblyName": "CustomiseYourStorage_BZ.dll",
  "VersionDependencies": {
    "SMLHelper": "2.9.6"
  },
  "VersionChecker": {
    "LatestVersionURL": "https://raw.githubusercontent.com/DaWrecka/DaWreckasSubnauticaStuff/master/CustomiseYourStorage/mod_BelowZero.json"
  },
  "NexusId": {},
  "Enable": true
}
