{
  "Id": "FuelCells",
  "DisplayName": "Fuel Cells",
  "Author": "DaWrecka",
  "Version": "0.5.0.1",
  "Dependencies": [
    "SMLHelper",
    "CustomBatteries"
  ],
  "VersionDependencies": {
    "SMLHelper": "2.9.3",
    "CustomBatteries": "1.1"
  },
  "Game": "Subnautica",
  "NexusId": {},
  "AssemblyName": "FuelCells.dll",
  "VersionChecker": {
    "LatestVersionURL": "https://raw.githubusercontent.com/DaWrecka/DaWreckasSubnauticaStuff/master/FuelCells/mod_Subnautica.json"
  },
  "Enable": true
}
